<?xml version="1.0" encoding="utf-8"?>
<odoo>

    <record model="ir.module.category" id="module_category_education">
        <field name="name">Education</field>
        <field name="description">Helps you to manage your institution</field>
        <field name="sequence">5</field>
    </record>

    <record id="group_education_faculty" model="res.groups">
        <field name="name">Staff</field>
        <field name="implied_ids" eval="[(4, ref('base.group_user'))]"/>
        <field name="category_id" ref="module_category_education"/>
    </record>

    <record id="group_education_hod" model="res.groups">
        <field name="name">Head Of Department</field>
        <field name="implied_ids" eval="[(4, ref('group_education_faculty'))]"/>
        <field name="category_id" ref="module_category_education"/>
    </record>

    <record id="group_education_principal" model="res.groups">
        <field name="name">Principal</field>
        <field name="category_id" ref="module_category_education"/>
        <field name="implied_ids" eval="[(4, ref('group_education_hod'))]"/>
        <field name="users" eval="[(4, ref('base.user_root'))]"/>
    </record>

</odoo>

